<?xml version="1.0" encoding="UTF-8" standalone="no" ?>
<efx:tool_report xmlns:efx="http://www.efinixinc.com/tool_report" date="TCentral Daylight Time" project="ts2068Fpga" xmlns:xsi="http://www.w3.org/2001/XMLSchema-instance" xsi:schemaLocation="http://www.efinixinc.com/tool_report tool_report.xsd">

  <efx:group name="System Resources">
    <efx:group_data info="runtime" name="packing" severity="info" value="0|0:0:0"/>
    <efx:group_data info="runtime" name="placement" severity="info" value="0|0:0:23"/>
    <efx:group_data info="runtime" name="routing" severity="info" value="0|0:0:39"/>
    <efx:group_data info="peak_rr" name="Peak RSS" severity="info" value="797.664 MB"/>
  </efx:group>

  <efx:group name="Core Resources">
    <efx:group_data name="Inputs" severity="info" value="36 / 224"/>
    <efx:group_data name="Outputs" severity="info" value="81 / 501"/>
    <efx:group_data name="Clocks" severity="info" value="7 / 16"/>
    <efx:group_data name="Logic Elements" severity="info" value="6392 / 19728"/>
    <efx:group_data name="Memory Blocks" severity="info" value="185 / 204"/>
    <efx:group_data name="Multipliers" severity="info" value="0 / 36"/>
  </efx:group>

  <efx:group name="Interface">
    <efx:group_data name="Missing Interface Pins" severity="info" value="15"/>
    <efx:group_data name="Unassigned Core Pins" severity="error" value="4"/>
  </efx:group>

  <efx:group name="Timing">
    <efx:group_data name="Worst Negative Slack (WNS)" severity="error" value="-14.771 ns"/>
    <efx:group_data name="Worst Hold Slack (WHS)" severity="error" value="-0.432 ns"/>
    <efx:group_data name="F_CLK" severity="info" value="161.264 MHz"/>
    <efx:group_data name="clk100pll1" severity="info" value="108.190 MHz"/>
    <efx:group_data name="clk50pll1" severity="info" value="49.451 MHz"/>
    <efx:group_data name="vid/vCtr[2]" severity="info" value="317.158 MHz"/>
    <efx:group_data name="vidDebug[0]" severity="info" value="87.443 MHz"/>
    <efx:group_data name="vidDebug[2]" severity="info" value="86.896 MHz"/>
  </efx:group>

</efx:tool_report>
