
# Efinity Interface Configuration
# Version: 2023.1.150.1.5
# Date: 2023-07-14 15:07

# Copyright (C) 2017 - 2023 Efinix Inc. All rights reserved.

# [required | optional] (input|output|clkout), x, y, z, __bypass__|[~|!]<clock>, [[~|!]<pin_name>] | __vcc__ | __gnd__
output, 160, 82, 0, __bypass__, BLU[0]
output, 160, 89, 2, __bypass__, BLU[1]
output, 160, 92, 0, __bypass__, BLU[2]
input, 0, 118, 1, __bypass__, clk21pll1
optional input, 16, 243, 1, __bypass__, clk50
input, 0, 119, 1, __bypass__, clk50pll1
input, 0, 120, 1, __bypass__, clk100pll1
output, 39, 0, 0, __bypass__, DAT_DIR
input, 96, 0, 1, __bypass__, F_A[0]
input, 95, 0, 3, __bypass__, F_A[1]
input, 116, 0, 1, __bypass__, F_A[2]
input, 115, 0, 3, __bypass__, F_A[3]
input, 160, 72, 1, __bypass__, F_A[4]
input, 160, 67, 1, __bypass__, F_A[5]
input, 160, 64, 3, __bypass__, F_A[6]
input, 160, 17, 1, __bypass__, F_A[7]
input, 160, 14, 3, __bypass__, F_A[8]
input, 160, 9, 3, __bypass__, F_A[9]
input, 146, 0, 1, __bypass__, F_A[10]
input, 145, 0, 1, __bypass__, F_A[11]
input, 140, 0, 3, __bypass__, F_A[12]
input, 141, 0, 1, __bypass__, F_A[13]
input, 131, 0, 1, __bypass__, F_A[14]
input, 130, 0, 3, __bypass__, F_A[15]
output, 160, 159, 2, __bypass__, F_BE_OUT
input, 59, 0, 1, __bypass__, F_CLK
input, 4, 0, 1, __bypass__, F_D_IN[0]
input, 5, 0, 1, __bypass__, F_D_IN[1]
input, 16, 0, 1, __bypass__, F_D_IN[2]
input, 29, 0, 1, __bypass__, F_D_IN[3]
input, 40, 0, 1, __bypass__, F_D_IN[4]
input, 28, 0, 1, __bypass__, F_D_IN[5]
input, 17, 0, 1, __bypass__, F_D_IN[6]
input, 0, 24, 3, __bypass__, F_D_IN[7]
output, 3, 0, 2, __bypass__, F_D_OE[0]
output, 4, 0, 0, __bypass__, F_D_OE[1]
output, 15, 0, 2, __bypass__, F_D_OE[2]
output, 28, 0, 0, __bypass__, F_D_OE[3]
output, 39, 0, 2, __bypass__, F_D_OE[4]
output, 27, 0, 2, __bypass__, F_D_OE[5]
output, 16, 0, 0, __bypass__, F_D_OE[6]
output, 0, 25, 0, __bypass__, F_D_OE[7]
output, 2, 0, 0, __bypass__, F_D_OUT[0]
output, 3, 0, 0, __bypass__, F_D_OUT[1]
output, 14, 0, 0, __bypass__, F_D_OUT[2]
output, 27, 0, 0, __bypass__, F_D_OUT[3]
output, 38, 0, 0, __bypass__, F_D_OUT[4]
output, 26, 0, 0, __bypass__, F_D_OUT[5]
output, 15, 0, 0, __bypass__, F_D_OUT[6]
output, 0, 24, 2, __bypass__, F_D_OUT[7]
input, 58, 0, 1, __bypass__, F_nBE_IN
input, 71, 0, 1, __bypass__, F_nIORQ
input, 90, 0, 3, __bypass__, F_nM1
input, 70, 0, 1, __bypass__, F_nMRQ
input, 80, 0, 3, __bypass__, F_nRD
input, 91, 0, 1, __bypass__, F_nRST
input, 81, 0, 1, __bypass__, F_nWR
output, 160, 99, 2, __bypass__, GRN[0]
output, 160, 104, 2, __bypass__, GRN[1]
output, 160, 107, 0, __bypass__, GRN[2]
output, 160, 74, 2, __bypass__, HSYNC
input, 2, 243, 1, __bypass__, pll1Locked
output, 0, 237, 0, __bypass__, R_A[0]
output, 11, 243, 0, __bypass__, R_A[1]
output, 13, 243, 2, __bypass__, R_A[2]
output, 18, 243, 2, __bypass__, R_A[3]
output, 143, 243, 0, __bypass__, R_A[4]
output, 145, 243, 2, __bypass__, R_A[5]
output, 148, 243, 0, __bypass__, R_A[6]
output, 150, 243, 2, __bypass__, R_A[7]
output, 160, 224, 2, __bypass__, R_A[8]
output, 160, 209, 2, __bypass__, R_A[9]
output, 160, 182, 0, __bypass__, R_A[10]
output, 160, 207, 0, __bypass__, R_A[11]
output, 153, 243, 0, __bypass__, R_A[12]
output, 160, 227, 0, __bypass__, R_A[13]
output, 155, 243, 2, __bypass__, R_A[14]
output, 160, 234, 2, __bypass__, R_A[15]
output, 160, 239, 2, __bypass__, R_A[16]
output, 160, 229, 2, __bypass__, R_A[17]
output, 160, 237, 0, __bypass__, R_A[18]
output, 160, 184, 2, __bypass__, R_nOE
output, 160, 232, 0, __bypass__, R_nWE
output, 160, 142, 0, __bypass__, RED[0]
output, 160, 144, 2, __bypass__, RED[1]
output, 160, 157, 0, __bypass__, RED[2]
output, 160, 79, 2, __bypass__, VSYNC
input, 0, 64, 3, __bypass__, X_IN[0]
input, 0, 67, 1, __bypass__, X_IN[1]
input, 0, 84, 3, __bypass__, X_IN[2]
input, 0, 87, 1, __bypass__, X_IN[3]
input, 0, 89, 3, __bypass__, X_IN[4]
input, 0, 94, 3, __bypass__, X_IN[5]
input, 0, 97, 1, __bypass__, X_IN[6]
input, 0, 132, 1, __bypass__, X_IN[7]
input, 0, 137, 1, __bypass__, X_IN[8]
input, 0, 167, 1, __bypass__, X_IN[9]
input, 0, 169, 3, __bypass__, X_IN[10]
input, 0, 182, 1, __bypass__, X_IN[11]
input, 0, 202, 1, __bypass__, X_IN[12]
input, 0, 199, 3, __bypass__, X_IN[13]
output, 0, 65, 0, __bypass__, X_OE[0]
output, 0, 67, 2, __bypass__, X_OE[1]
output, 0, 85, 0, __bypass__, X_OE[2]
output, 0, 87, 2, __bypass__, X_OE[3]
output, 0, 90, 0, __bypass__, X_OE[4]
output, 0, 95, 0, __bypass__, X_OE[5]
output, 0, 97, 2, __bypass__, X_OE[6]
output, 0, 132, 2, __bypass__, X_OE[7]
output, 0, 137, 2, __bypass__, X_OE[8]
output, 0, 167, 2, __bypass__, X_OE[9]
output, 0, 170, 0, __bypass__, X_OE[10]
output, 0, 182, 2, __bypass__, X_OE[11]
output, 0, 202, 2, __bypass__, X_OE[12]
output, 0, 200, 0, __bypass__, X_OE[13]
output, 0, 64, 2, __bypass__, X_OUT[0]
output, 0, 67, 0, __bypass__, X_OUT[1]
output, 0, 84, 2, __bypass__, X_OUT[2]
output, 0, 87, 0, __bypass__, X_OUT[3]
output, 0, 89, 2, __bypass__, X_OUT[4]
output, 0, 94, 2, __bypass__, X_OUT[5]
output, 0, 97, 0, __bypass__, X_OUT[6]
output, 0, 132, 0, __bypass__, X_OUT[7]
output, 0, 137, 0, __bypass__, X_OUT[8]
output, 0, 167, 0, __bypass__, X_OUT[9]
output, 0, 169, 2, __bypass__, X_OUT[10]
output, 0, 182, 0, __bypass__, X_OUT[11]
output, 0, 202, 0, __bypass__, X_OUT[12]
output, 0, 199, 2, __bypass__, X_OUT[13]
