
# Efinity Pinout Report
# Version: 2023.1.150.1.5
# Date: 2023-07-14 15:07

# Copyright (C) 2017 - 2023 Efinix Inc. All rights reserved.

# Device: T20Q144
# Package status: final
# Project: ts2068Fpga
# Configuration mode: active (x1)

Pin Number,Pin Name,Signal Name,Direction,Bank,I/O Bank Voltage,I/O Standard,Pull Type,Function
1,GND,,Power,,,,,Ground
2,VCCA_TL,,Power,TL,,,,1.2 V PLL Power
3,GPIOL_53_CDI10,X[13],Bidirectional,1C_1D,3.3 V,3.3 V LVTTL / LVCMOS,,User IO
4,GPIOL_54_CDI11,X[12],Bidirectional,1C_1D,3.3 V,3.3 V LVTTL / LVCMOS,,User IO
5,GND,,Power,,,,,Ground
6,GPIOL_46,X[11],Bidirectional,1C_1D,3.3 V,3.3 V LVTTL / LVCMOS,,User IO
7,GPIOL_41_CDI9,X[10],Bidirectional,1C_1D,3.3 V,3.3 V LVTTL / LVCMOS,,User IO
8,GPIOL_40_CDI8,X[9],Bidirectional,1C_1D,3.3 V,3.3 V LVTTL / LVCMOS,,User IO
9,GND,,Power,,,,,Ground
10,GPIOL_32_CTRL4_CDI7,X[8],Bidirectional,1C_1D,3.3 V,3.3 V LVTTL / LVCMOS,,User IO/GCTRL
11,GPIOL_31_CLK7_CDI6,X[7],Bidirectional,1C_1D,3.3 V,3.3 V LVTTL / LVCMOS,,User IO/GCLK
12,VCCIO1C_1D,,Power,1C_1D,3.3 V,,,VCCIO Power
13,VCC,,Power,,,,,1.2 V VCC Power
14,GPIOL_25_CLK1,X[6],Bidirectional,1B,3.3 V,3.3 V LVTTL / LVCMOS,,User IO/GCLK
15,GPIOL_24_CLK0,X[5],Bidirectional,1B,3.3 V,3.3 V LVTTL / LVCMOS,,User IO/GCLK
16,GPIOL_22_CTRL2,X[4],Bidirectional,1B,3.3 V,3.3 V LVTTL / LVCMOS,,User IO/GCTRL
17,GPIOL_21_CTRL1_CDI5,X[3],Bidirectional,1B,3.3 V,3.3 V LVTTL / LVCMOS,,User IO/GCTRL
18,GPIOL_20_CTRL0_CDI4,X[2],Bidirectional,1B,3.3 V,3.3 V LVTTL / LVCMOS,,User IO/GCTRL
19,GPIOL_13_CDI3,X[1],Bidirectional,1B,3.3 V,3.3 V LVTTL / LVCMOS,,User IO
20,GPIOL_12_CDI2,X[0],Bidirectional,1B,3.3 V,3.3 V LVTTL / LVCMOS,,User IO
21,VCCIO1B,,Power,1B,3.3 V,,,VCCIO Power
22,VCC,,Power,,,,,1.2 V VCC Power
23,VCCIO1A,,Power,1A,3.3 V,,,VCCIO Power
24,TDO,,Output,1A,3.3 V,,,Configuration
25,TMS,,Input,1A,3.3 V,,,Configuration
26,TCK,,Input,1A,3.3 V,,,Configuration
27,TDI,,Input,1A,3.3 V,,,Configuration
28,GPIOL_09_CDI1,,Input,1A,3.3 V,,weak pullup,User IO/Configuration
29,GPIOL_08_CDI0,,Input,1A,3.3 V,,weak pullup,User IO/Configuration
30,GPIOL_01_CCK,,Input,1A,3.3 V,,weak pullup,User IO/Configuration
31,GPIOL_00_SS_N,,Input,1A,3.3 V,,weak pullup,User IO/Configuration
32,GPIOL_04_CSI,,Input,1A,3.3 V,,weak pullup,User IO/Configuration
33,GPIOL_05_CSO,F_D[7],Bidirectional,1A,3.3 V,3.3 V LVTTL / LVCMOS,,User IO/Configuration
34,CDONE,,Bidirectional,1A,3.3 V,,,Configuration
35,CRESET_N,,Input,1A,3.3 V,,,Configuration
36,REF_RES,,Input,4B,,,,
37,GND,,Power,,,,,Ground
38,GPIOB_TXP00,F_D[0].TXP,Bidirectional,4B,,3.3 V LVTTL / LVCMOS,,User IO
39,GPIOB_TXN00,F_D[1].TXN,Bidirectional,4B,,3.3 V LVTTL / LVCMOS,,User IO
40,GPIOB_TXP02,F_D[2].TXP,Bidirectional,4B,,3.3 V LVTTL / LVCMOS,,User IO
41,GPIOB_TXN02,F_D[6].TXN,Bidirectional,4B,,3.3 V LVTTL / LVCMOS,,User IO
42,GPIOB_TXP04,F_D[5].TXP,Bidirectional,4B,,3.3 V LVTTL / LVCMOS,,User IO
43,GPIOB_TXN04,F_D[3].TXN,Bidirectional,4B,,3.3 V LVTTL / LVCMOS,,User IO
44,GND,,Power,,,,,Ground
45,GPIOB_TXP06,F_D[4].TXP,Bidirectional,4B,,3.3 V LVTTL / LVCMOS,,User IO
46,GPIOB_TXN06,DAT_DIR.TXN,Output,4B,,3.3 V LVTTL / LVCMOS,,User IO
47,GPIOB_TXP09,F_nBE_IN.TXP,Input,4B,,3.3 V LVTTL / LVCMOS,,User IO
48,GPIOB_TXN09,F_CLK.TXN,Input,4B,,3.3 V LVTTL / LVCMOS,,User IO
49,VCC,,Power,,,,,1.2 V VCC Power
50,GND,,Power,,,,,Ground
51,VCCIO4B,,Power,4B,,,,VCCIO Power
52,VCCIO4B,,Power,4B,,,,VCCIO Power
53,GPIOB_TXP11,F_nMRQ.TXP,Input,4B,,3.3 V LVTTL / LVCMOS,,User IO
54,GPIOB_TXN11,F_nIORQ.TXN,Input,4B,,3.3 V LVTTL / LVCMOS,,User IO
55,GPIOB_RXP00,F_nRD.RXP,Input,4A,,3.3 V LVTTL / LVCMOS,,User IO
56,GPIOB_RXN00,F_nWR.RXN,Input,4A,,3.3 V LVTTL / LVCMOS,,User IO
57,VCC,,Power,,,,,1.2 V VCC Power
58,GPIOB_RXP02,F_nM1.RXP,Input,4A,,3.3 V LVTTL / LVCMOS,,User IO
59,GPIOB_RXN02,F_nRST.RXN,Input,4A,,3.3 V LVTTL / LVCMOS,,User IO
60,GPIOB_RXN03,F_A[0].RXN,Input,4A,,3.3 V LVTTL / LVCMOS,,User IO
61,GPIOB_RXP03,F_A[1].RXP,Input,4A,,3.3 V LVTTL / LVCMOS,,User IO
62,VCCIO4A,,Power,4A,,,,VCCIO Power
63,VCCIO4A,,Power,4A,,,,VCCIO Power
64,GND,,Power,,,,,Ground
65,GPIOB_RXN07,F_A[2].RXN,Input,4A,,3.3 V LVTTL / LVCMOS,,User IO
66,GPIOB_RXP07,F_A[3].RXP,Input,4A,,3.3 V LVTTL / LVCMOS,,User IO
67,GPIOB_RXP10,F_A[15].RXP,Input,4A,,3.3 V LVTTL / LVCMOS,,User IO
68,GPIOB_RXN10,F_A[14].RXN,Input,4A,,3.3 V LVTTL / LVCMOS,,User IO
69,GPIOB_RXN12_EXTFB0,F_A[13].RXN,Input,4A,,3.3 V LVTTL / LVCMOS,,User IO
70,GPIOB_RXP12_EXTFB0,F_A[12].RXP,Input,4A,,3.3 V LVTTL / LVCMOS,,User IO
71,GPIOB_CLKP0,F_A[11].RXP,Input,4A,,3.3 V LVTTL / LVCMOS,,User IO/PLL_CLKIN
72,GPIOB_CLKN0,F_A[10].RXN,Input,4A,,3.3 V LVTTL / LVCMOS,,User IO/PLL_CLKIN
73,VCCA_BR,,Power,BR,,,,1.2 V PLL Power
74,GPIOR_158_TEST_N,,Input,3E,3.3 V,,weak pullup,User IO/Configuration
75,GPIOR_157_PLLIN,F_A[9],Input,3E,3.3 V,3.3 V LVTTL / LVCMOS,,User IO/PLL_CLKIN
76,GPIOR_155,F_A[8],Input,3E,3.3 V,3.3 V LVTTL / LVCMOS,,User IO
77,GPIOR_154,F_A[7],Input,3E,3.3 V,3.3 V LVTTL / LVCMOS,,User IO
78,GPIOR_151_CBUS0,,Input,3E,3.3 V,,weak pullup,User IO/Configuration
79,GPIOR_150_CBUS1,,Input,3E,3.3 V,,weak pullup,User IO/Configuration
80,GPIOR_149_CBUS2,,Input,3E,3.3 V,,weak pullup,User IO/Configuration
81,GPIOR_139,F_A[6],Input,3D,3.3 V,3.3 V LVTTL / LVCMOS,,User IO
82,GPIOR_138,F_A[5],Input,3D,3.3 V,3.3 V LVTTL / LVCMOS,,User IO
83,GPIOR_136_CDI16,F_A[4],Input,3D,3.3 V,3.3 V LVTTL / LVCMOS,,User IO
84,GPIOR_135_CDI17,HSYNC,Output,3D,3.3 V,3.3 V LVTTL / LVCMOS,,User IO
85,VCC,,Power,,,,,1.2 V VCC Power
86,GPIOR_133_CDI18,VSYNC,Output,3D,3.3 V,3.3 V LVTTL / LVCMOS,,User IO
87,GPIOR_132_CDI19,BLU[0],Output,3D,3.3 V,3.3 V LVTTL / LVCMOS,,User IO
88,VCCIO3E,,Power,3E,3.3 V,,,VCCIO Power
89,GPIOR_129_CTRL10,BLU[1],Output,3D,3.3 V,3.3 V LVTTL / LVCMOS,,User IO/GCTRL
90,GPIOR_128_CTRL11,BLU[2],Output,3D,3.3 V,3.3 V LVTTL / LVCMOS,,User IO/GCTRL
91,VCCIO3D,,Power,3D,3.3 V,,,VCCIO Power
92,GPIOR_125_CLK10,GRN[0],Output,3D,3.3 V,3.3 V LVTTL / LVCMOS,,User IO/GCLK
93,GPIOR_123_CLK12_CDI20,GRN[1],Output,3B_3C,3.3 V,3.3 V LVTTL / LVCMOS,,User IO/GCLK
94,GND,,Power,,,,,Ground
95,VCCIO3B_3C,,Power,3B_3C,3.3 V,,,VCCIO Power
96,VCC,,Power,,,,,1.2 V VCC Power
97,GPIOR_122_CLK13_CDI21,GRN[2],Output,3B_3C,3.3 V,3.3 V LVTTL / LVCMOS,,User IO/GCLK
98,GPIOR_117_CTRL14,RED[0],Output,3B_3C,3.3 V,3.3 V LVTTL / LVCMOS,,User IO/GCTRL
99,GPIOR_116_CTRL15,RED[1],Output,3B_3C,3.3 V,3.3 V LVTTL / LVCMOS,,User IO/GCTRL
100,GPIOR_113_CDI22,RED[2],Output,3B_3C,3.3 V,3.3 V LVTTL / LVCMOS,,User IO
101,GPIOR_112_CDI23,F_BE_OUT,Output,3B_3C,3.3 V,3.3 V LVTTL / LVCMOS,,User IO
102,GPIOR_105_CDI24,R_A[10],Output,3B_3C,3.3 V,3.3 V LVTTL / LVCMOS,,User IO
103,GPIOR_104_CDI25,R_nOE,Output,3B_3C,3.3 V,3.3 V LVTTL / LVCMOS,,User IO
104,GND,,Power,,,,,Ground
105,GPIOR_95_CDI26,R_A[11],Output,3B_3C,3.3 V,3.3 V LVTTL / LVCMOS,,User IO
106,GPIOR_94_CDI27,R_A[9],Output,3B_3C,3.3 V,3.3 V LVTTL / LVCMOS,,User IO
107,VCCA_TR,,Power,TR,,,,1.2 V PLL Power
108,GND,,Power,,,,,Ground
109,GPIOR_88_CDI28,R_A[8],Output,3A,3.3 V,3.3 V LVTTL / LVCMOS,,User IO
110,GPIOR_87_CDI29,R_A[13],Output,3A,3.3 V,3.3 V LVTTL / LVCMOS,,User IO
111,GPIOR_85,R_nWE,Output,3A,3.3 V,3.3 V LVTTL / LVCMOS,,User IO
112,GPIOR_86,R_A[17],Output,3A,3.3 V,3.3 V LVTTL / LVCMOS,,User IO
113,GPIOR_84,R_A[15],Output,3A,3.3 V,3.3 V LVTTL / LVCMOS,,User IO
114,GPIOR_83,R_A[18],Output,3A,3.3 V,3.3 V LVTTL / LVCMOS,,User IO
115,GPIOR_82,R_A[16],Output,3A,3.3 V,3.3 V LVTTL / LVCMOS,,User IO
116,GPIOR_81_MREFCLK,R_A[14],Output,3A,3.3 V,3.3 V LVTTL / LVCMOS,,User IO
117,GPIOR_80,R_A[12],Output,3A,3.3 V,3.3 V LVTTL / LVCMOS,,User IO
118,GPIOR_79_EXTFB1_CDI30,R_A[7],Output,3A,3.3 V,3.3 V LVTTL / LVCMOS,,User IO
119,GPIOR_78_EXTFB0_CDI31,R_A[6],Output,3A,3.3 V,3.3 V LVTTL / LVCMOS,,User IO
120,GND,,Power,,,,,Ground
121,GND,,Power,,,,,Ground
122,VCCIO3A,,Power,3A,3.3 V,,,VCCIO Power
123,GPIOR_77_PLLIN1,R_A[5],Output,3A,3.3 V,3.3 V LVTTL / LVCMOS,,User IO/PLL_CLKIN
124,GPIOR_76_PLLIN0,R_A[4],Output,3A,3.3 V,3.3 V LVTTL / LVCMOS,,User IO/PLL_CLKIN
125,VCC,,Power,,,,,1.2 V VCC Power
126,GND,,Power,,,,,Ground
127,GND,,Power,,,,,Ground
128,VCC,,Power,,,,,1.2 V VCC Power
129,GND,,Power,,,,,Ground
130,VCC,,Power,,,,,1.2 V VCC Power
131,GPIOL_75_PLLIN1,R_A[3],Output,1E,3.3 V,3.3 V LVTTL / LVCMOS,,User IO/PLL_CLKIN
132,GPIOL_74_PLLIN0,clk50,Input,1E,3.3 V,3.3 V LVTTL / LVCMOS,,User IO/PLL_CLKIN
133,GND,,Power,,,,,Ground
134,GPIOL_73_EXTFB1_CDI15,R_A[2],Output,1E,3.3 V,3.3 V LVTTL / LVCMOS,,User IO
135,GPIOL_72_EXTFB0_CDI14,R_A[1],Output,1E,3.3 V,3.3 V LVTTL / LVCMOS,,User IO
136,GPIOL_71_NSTATUS,,Input,1E,3.3 V,,weak pullup,User IO/Configuration
137,GPIOL_70_CBSEL0,,Input,1E,3.3 V,,weak pullup,User IO
138,GPIOL_69_CBSEL1,,Input,1E,3.3 V,,weak pullup,User IO
139,GPIOL_68,R_A[0],Output,1E,3.3 V,3.3 V LVTTL / LVCMOS,,User IO
140,GPIOL_67_CDI13,,Input,1E,3.3 V,,weak pullup,User IO
141,GPIOL_65,,Input,1E,3.3 V,,weak pullup,User IO
142,GPIOL_66_CDI12,,Input,1E,3.3 V,,weak pullup,User IO
143,VCCIO1E,,Power,1E,3.3 V,,,VCCIO Power
144,GPIOL_64,,Input,1E,3.3 V,,weak pullup,User IO
