<?xml version="1.0" encoding="UTF-8"?>
<efxpt:design_db name="ts2068Fpga" device_def="T20Q144" location="E:\GitRepositories\sinclairComputers\ts2068\t20BoardSetV1\videoBoardV3\FPGA_V3" version="2022.1.226.2.11" db_version="20221999" last_change_date="Wed Jul  5 09:49:58 2023" xmlns:efxpt="http://www.efinixinc.com/peri_design_db" xmlns:xsi="http://www.w3.org/2001/XMLSchema-instance" xsi:schemaLocation="http://www.efinixinc.com/peri_design_db peri_design_db.xsd ">
    <efxpt:device_info>
        <efxpt:iobank_info>
            <efxpt:iobank name="1A" iostd="3.3 V LVTTL / LVCMOS"/>
            <efxpt:iobank name="1B" iostd="3.3 V LVTTL / LVCMOS"/>
            <efxpt:iobank name="1C_1D" iostd="3.3 V LVTTL / LVCMOS"/>
            <efxpt:iobank name="1E" iostd="3.3 V LVTTL / LVCMOS"/>
            <efxpt:iobank name="3A" iostd="3.3 V LVTTL / LVCMOS"/>
            <efxpt:iobank name="3B_3C" iostd="3.3 V LVTTL / LVCMOS"/>
            <efxpt:iobank name="3D" iostd="3.3 V LVTTL / LVCMOS"/>
            <efxpt:iobank name="3E" iostd="3.3 V LVTTL / LVCMOS"/>
            <efxpt:iobank name="4A" iostd="3.3 V LVTTL / LVCMOS"/>
            <efxpt:iobank name="4B" iostd="3.3 V LVTTL / LVCMOS"/>
            <efxpt:iobank name="BR" iostd="1.2 V"/>
            <efxpt:iobank name="TL" iostd="1.2 V"/>
            <efxpt:iobank name="TR" iostd="1.2 V"/>
        </efxpt:iobank_info>
        <efxpt:ctrl_info>
            <efxpt:ctrl name="cfg" ctrl_def="CONFIG_CTRL0" clock_name="" is_clk_invert="false" cbsel_bus_name="cfg_CBSEL" config_ctrl_name="cfg_CONFIG" ena_capture_name="cfg_ENA" error_status_name="cfg_ERROR" um_signal_status_name="cfg_USR_STATUS" is_remote_update_enable="false" is_user_mode_enable="false"/>
        </efxpt:ctrl_info>
    </efxpt:device_info>
    <efxpt:gpio_info device_def="T20Q144">
        <efxpt:gpio name="BLU[0]" gpio_def="GPIOR_132" mode="output" bus_name="BLU" is_lvds_gpio="false" io_standard="3.3 V LVTTL / LVCMOS">
            <efxpt:output_config name="BLU[0]" name_ddio_lo="" register_option="none" clock_name="" is_clock_inverted="false" is_slew_rate="false" tied_option="none" ddio_type="none" drive_strength="4"/>
        </efxpt:gpio>
        <efxpt:gpio name="BLU[1]" gpio_def="GPIOR_129" mode="output" bus_name="BLU" is_lvds_gpio="false" io_standard="3.3 V LVTTL / LVCMOS">
            <efxpt:output_config name="BLU[1]" name_ddio_lo="" register_option="none" clock_name="" is_clock_inverted="false" is_slew_rate="false" tied_option="none" ddio_type="none" drive_strength="4"/>
        </efxpt:gpio>
        <efxpt:gpio name="BLU[2]" gpio_def="GPIOR_128" mode="output" bus_name="BLU" is_lvds_gpio="false" io_standard="3.3 V LVTTL / LVCMOS">
            <efxpt:output_config name="BLU[2]" name_ddio_lo="" register_option="none" clock_name="" is_clock_inverted="false" is_slew_rate="false" tied_option="none" ddio_type="none" drive_strength="4"/>
        </efxpt:gpio>
        <efxpt:gpio name="DAT_DIR" gpio_def="GPIOB_TXN06" mode="output" bus_name="" is_lvds_gpio="true" io_standard="3.3 V LVTTL / LVCMOS">
            <efxpt:output_config name="DAT_DIR" name_ddio_lo="" register_option="none" clock_name="" is_clock_inverted="false" is_slew_rate="false" tied_option="none" ddio_type="none" drive_strength="1"/>
        </efxpt:gpio>
        <efxpt:gpio name="F_A[0]" gpio_def="GPIOB_RXN03" mode="input" bus_name="F_A" is_lvds_gpio="true" io_standard="3.3 V LVTTL / LVCMOS">
            <efxpt:input_config name="F_A[0]" name_ddio_lo="" conn_type="normal" is_register="false" clock_name="" is_clock_inverted="false" pull_option="none" is_schmitt_trigger="false" ddio_type="none"/>
        </efxpt:gpio>
        <efxpt:gpio name="F_A[10]" gpio_def="GPIOB_CLKN0" mode="input" bus_name="F_A" is_lvds_gpio="true" io_standard="3.3 V LVTTL / LVCMOS">
            <efxpt:input_config name="F_A[10]" name_ddio_lo="" conn_type="normal" is_register="false" clock_name="" is_clock_inverted="false" pull_option="none" is_schmitt_trigger="false" ddio_type="none"/>
        </efxpt:gpio>
        <efxpt:gpio name="F_A[11]" gpio_def="GPIOB_CLKP0" mode="input" bus_name="F_A" is_lvds_gpio="true" io_standard="3.3 V LVTTL / LVCMOS">
            <efxpt:input_config name="F_A[11]" name_ddio_lo="" conn_type="normal" is_register="false" clock_name="" is_clock_inverted="false" pull_option="none" is_schmitt_trigger="false" ddio_type="none"/>
        </efxpt:gpio>
        <efxpt:gpio name="F_A[12]" gpio_def="GPIOB_RXP12" mode="input" bus_name="F_A" is_lvds_gpio="true" io_standard="3.3 V LVTTL / LVCMOS">
            <efxpt:input_config name="F_A[12]" name_ddio_lo="" conn_type="normal" is_register="false" clock_name="" is_clock_inverted="false" pull_option="none" is_schmitt_trigger="false" ddio_type="none"/>
        </efxpt:gpio>
        <efxpt:gpio name="F_A[13]" gpio_def="GPIOB_RXN12" mode="input" bus_name="F_A" is_lvds_gpio="true" io_standard="3.3 V LVTTL / LVCMOS">
            <efxpt:input_config name="F_A[13]" name_ddio_lo="" conn_type="normal" is_register="false" clock_name="" is_clock_inverted="false" pull_option="none" is_schmitt_trigger="false" ddio_type="none"/>
        </efxpt:gpio>
        <efxpt:gpio name="F_A[14]" gpio_def="GPIOB_RXN10" mode="input" bus_name="F_A" is_lvds_gpio="true" io_standard="3.3 V LVTTL / LVCMOS">
            <efxpt:input_config name="F_A[14]" name_ddio_lo="" conn_type="normal" is_register="false" clock_name="" is_clock_inverted="false" pull_option="none" is_schmitt_trigger="false" ddio_type="none"/>
        </efxpt:gpio>
        <efxpt:gpio name="F_A[15]" gpio_def="GPIOB_RXP10" mode="input" bus_name="F_A" is_lvds_gpio="true" io_standard="3.3 V LVTTL / LVCMOS">
            <efxpt:input_config name="F_A[15]" name_ddio_lo="" conn_type="normal" is_register="false" clock_name="" is_clock_inverted="false" pull_option="none" is_schmitt_trigger="false" ddio_type="none"/>
        </efxpt:gpio>
        <efxpt:gpio name="F_A[1]" gpio_def="GPIOB_RXP03" mode="input" bus_name="F_A" is_lvds_gpio="true" io_standard="3.3 V LVTTL / LVCMOS">
            <efxpt:input_config name="F_A[1]" name_ddio_lo="" conn_type="normal" is_register="false" clock_name="" is_clock_inverted="false" pull_option="none" is_schmitt_trigger="false" ddio_type="none"/>
        </efxpt:gpio>
        <efxpt:gpio name="F_A[2]" gpio_def="GPIOB_RXN07" mode="input" bus_name="F_A" is_lvds_gpio="true" io_standard="3.3 V LVTTL / LVCMOS">
            <efxpt:input_config name="F_A[2]" name_ddio_lo="" conn_type="normal" is_register="false" clock_name="" is_clock_inverted="false" pull_option="none" is_schmitt_trigger="false" ddio_type="none"/>
        </efxpt:gpio>
        <efxpt:gpio name="F_A[3]" gpio_def="GPIOB_RXP07" mode="input" bus_name="F_A" is_lvds_gpio="true" io_standard="3.3 V LVTTL / LVCMOS">
            <efxpt:input_config name="F_A[3]" name_ddio_lo="" conn_type="normal" is_register="false" clock_name="" is_clock_inverted="false" pull_option="none" is_schmitt_trigger="false" ddio_type="none"/>
        </efxpt:gpio>
        <efxpt:gpio name="F_A[4]" gpio_def="GPIOR_136" mode="input" bus_name="F_A" is_lvds_gpio="false" io_standard="3.3 V LVTTL / LVCMOS">
            <efxpt:input_config name="F_A[4]" name_ddio_lo="" conn_type="normal" is_register="false" clock_name="" is_clock_inverted="false" pull_option="none" is_schmitt_trigger="false" ddio_type="none"/>
        </efxpt:gpio>
        <efxpt:gpio name="F_A[5]" gpio_def="GPIOR_138" mode="input" bus_name="F_A" is_lvds_gpio="false" io_standard="3.3 V LVTTL / LVCMOS">
            <efxpt:input_config name="F_A[5]" name_ddio_lo="" conn_type="normal" is_register="false" clock_name="" is_clock_inverted="false" pull_option="none" is_schmitt_trigger="false" ddio_type="none"/>
        </efxpt:gpio>
        <efxpt:gpio name="F_A[6]" gpio_def="GPIOR_139" mode="input" bus_name="F_A" is_lvds_gpio="false" io_standard="3.3 V LVTTL / LVCMOS">
            <efxpt:input_config name="F_A[6]" name_ddio_lo="" conn_type="normal" is_register="false" clock_name="" is_clock_inverted="false" pull_option="none" is_schmitt_trigger="false" ddio_type="none"/>
        </efxpt:gpio>
        <efxpt:gpio name="F_A[7]" gpio_def="GPIOR_154" mode="input" bus_name="F_A" is_lvds_gpio="false" io_standard="3.3 V LVTTL / LVCMOS">
            <efxpt:input_config name="F_A[7]" name_ddio_lo="" conn_type="normal" is_register="false" clock_name="" is_clock_inverted="false" pull_option="none" is_schmitt_trigger="false" ddio_type="none"/>
        </efxpt:gpio>
        <efxpt:gpio name="F_A[8]" gpio_def="GPIOR_155" mode="input" bus_name="F_A" is_lvds_gpio="false" io_standard="3.3 V LVTTL / LVCMOS">
            <efxpt:input_config name="F_A[8]" name_ddio_lo="" conn_type="normal" is_register="false" clock_name="" is_clock_inverted="false" pull_option="none" is_schmitt_trigger="false" ddio_type="none"/>
        </efxpt:gpio>
        <efxpt:gpio name="F_A[9]" gpio_def="GPIOR_157" mode="input" bus_name="F_A" is_lvds_gpio="false" io_standard="3.3 V LVTTL / LVCMOS">
            <efxpt:input_config name="F_A[9]" name_ddio_lo="" conn_type="normal" is_register="false" clock_name="" is_clock_inverted="false" pull_option="none" is_schmitt_trigger="false" ddio_type="none"/>
        </efxpt:gpio>
        <efxpt:gpio name="F_BE_OUT" gpio_def="GPIOR_112" mode="output" bus_name="" is_lvds_gpio="false" io_standard="3.3 V LVTTL / LVCMOS">
            <efxpt:output_config name="F_BE_OUT" name_ddio_lo="" register_option="none" clock_name="" is_clock_inverted="false" is_slew_rate="false" tied_option="none" ddio_type="none" drive_strength="1"/>
        </efxpt:gpio>
        <efxpt:gpio name="F_CLK" gpio_def="GPIOB_TXN09" mode="input" bus_name="" is_lvds_gpio="true" io_standard="3.3 V LVTTL / LVCMOS">
            <efxpt:input_config name="F_CLK" name_ddio_lo="" conn_type="normal" is_register="false" clock_name="" is_clock_inverted="false" pull_option="none" is_schmitt_trigger="false" ddio_type="none"/>
        </efxpt:gpio>
        <efxpt:gpio name="F_D[0]" gpio_def="GPIOB_TXP00" mode="inout" bus_name="F_D" is_lvds_gpio="true" io_standard="3.3 V LVTTL / LVCMOS">
            <efxpt:input_config name="F_D_IN[0]" name_ddio_lo="" conn_type="normal" is_register="false" clock_name="" is_clock_inverted="false" pull_option="none" is_schmitt_trigger="false" ddio_type="none"/>
            <efxpt:output_config name="F_D_OUT[0]" name_ddio_lo="" register_option="none" clock_name="" is_clock_inverted="false" is_slew_rate="false" tied_option="none" ddio_type="none" drive_strength="1"/>
            <efxpt:output_enable_config name="F_D_OE[0]" is_register="false" clock_name="" is_clock_inverted="false"/>
        </efxpt:gpio>
        <efxpt:gpio name="F_D[1]" gpio_def="GPIOB_TXN00" mode="inout" bus_name="F_D" is_lvds_gpio="true" io_standard="3.3 V LVTTL / LVCMOS">
            <efxpt:input_config name="F_D_IN[1]" name_ddio_lo="" conn_type="normal" is_register="false" clock_name="" is_clock_inverted="false" pull_option="none" is_schmitt_trigger="false" ddio_type="none"/>
            <efxpt:output_config name="F_D_OUT[1]" name_ddio_lo="" register_option="none" clock_name="" is_clock_inverted="false" is_slew_rate="false" tied_option="none" ddio_type="none" drive_strength="1"/>
            <efxpt:output_enable_config name="F_D_OE[1]" is_register="false" clock_name="" is_clock_inverted="false"/>
        </efxpt:gpio>
        <efxpt:gpio name="F_D[2]" gpio_def="GPIOB_TXP02" mode="inout" bus_name="F_D" is_lvds_gpio="true" io_standard="3.3 V LVTTL / LVCMOS">
            <efxpt:input_config name="F_D_IN[2]" name_ddio_lo="" conn_type="normal" is_register="false" clock_name="" is_clock_inverted="false" pull_option="none" is_schmitt_trigger="false" ddio_type="none"/>
            <efxpt:output_config name="F_D_OUT[2]" name_ddio_lo="" register_option="none" clock_name="" is_clock_inverted="false" is_slew_rate="false" tied_option="none" ddio_type="none" drive_strength="1"/>
            <efxpt:output_enable_config name="F_D_OE[2]" is_register="false" clock_name="" is_clock_inverted="false"/>
        </efxpt:gpio>
        <efxpt:gpio name="F_D[3]" gpio_def="GPIOB_TXN04" mode="inout" bus_name="F_D" is_lvds_gpio="true" io_standard="3.3 V LVTTL / LVCMOS">
            <efxpt:input_config name="F_D_IN[3]" name_ddio_lo="" conn_type="normal" is_register="false" clock_name="" is_clock_inverted="false" pull_option="none" is_schmitt_trigger="false" ddio_type="none"/>
            <efxpt:output_config name="F_D_OUT[3]" name_ddio_lo="" register_option="none" clock_name="" is_clock_inverted="false" is_slew_rate="false" tied_option="none" ddio_type="none" drive_strength="1"/>
            <efxpt:output_enable_config name="F_D_OE[3]" is_register="false" clock_name="" is_clock_inverted="false"/>
        </efxpt:gpio>
        <efxpt:gpio name="F_D[4]" gpio_def="GPIOB_TXP06" mode="inout" bus_name="F_D" is_lvds_gpio="true" io_standard="3.3 V LVTTL / LVCMOS">
            <efxpt:input_config name="F_D_IN[4]" name_ddio_lo="" conn_type="normal" is_register="false" clock_name="" is_clock_inverted="false" pull_option="none" is_schmitt_trigger="false" ddio_type="none"/>
            <efxpt:output_config name="F_D_OUT[4]" name_ddio_lo="" register_option="none" clock_name="" is_clock_inverted="false" is_slew_rate="false" tied_option="none" ddio_type="none" drive_strength="1"/>
            <efxpt:output_enable_config name="F_D_OE[4]" is_register="false" clock_name="" is_clock_inverted="false"/>
        </efxpt:gpio>
        <efxpt:gpio name="F_D[5]" gpio_def="GPIOB_TXP04" mode="inout" bus_name="F_D" is_lvds_gpio="true" io_standard="3.3 V LVTTL / LVCMOS">
            <efxpt:input_config name="F_D_IN[5]" name_ddio_lo="" conn_type="normal" is_register="false" clock_name="" is_clock_inverted="false" pull_option="none" is_schmitt_trigger="false" ddio_type="none"/>
            <efxpt:output_config name="F_D_OUT[5]" name_ddio_lo="" register_option="none" clock_name="" is_clock_inverted="false" is_slew_rate="false" tied_option="none" ddio_type="none" drive_strength="1"/>
            <efxpt:output_enable_config name="F_D_OE[5]" is_register="false" clock_name="" is_clock_inverted="false"/>
        </efxpt:gpio>
        <efxpt:gpio name="F_D[6]" gpio_def="GPIOB_TXN02" mode="inout" bus_name="F_D" is_lvds_gpio="true" io_standard="3.3 V LVTTL / LVCMOS">
            <efxpt:input_config name="F_D_IN[6]" name_ddio_lo="" conn_type="normal" is_register="false" clock_name="" is_clock_inverted="false" pull_option="none" is_schmitt_trigger="false" ddio_type="none"/>
            <efxpt:output_config name="F_D_OUT[6]" name_ddio_lo="" register_option="none" clock_name="" is_clock_inverted="false" is_slew_rate="false" tied_option="none" ddio_type="none" drive_strength="1"/>
            <efxpt:output_enable_config name="F_D_OE[6]" is_register="false" clock_name="" is_clock_inverted="false"/>
        </efxpt:gpio>
        <efxpt:gpio name="F_D[7]" gpio_def="GPIOL_05" mode="inout" bus_name="F_D" is_lvds_gpio="false" io_standard="3.3 V LVTTL / LVCMOS">
            <efxpt:input_config name="F_D_IN[7]" name_ddio_lo="" conn_type="normal" is_register="false" clock_name="" is_clock_inverted="false" pull_option="none" is_schmitt_trigger="false" ddio_type="none"/>
            <efxpt:output_config name="F_D_OUT[7]" name_ddio_lo="" register_option="none" clock_name="" is_clock_inverted="false" is_slew_rate="false" tied_option="none" ddio_type="none" drive_strength="1"/>
            <efxpt:output_enable_config name="F_D_OE[7]" is_register="false" clock_name="" is_clock_inverted="false"/>
        </efxpt:gpio>
        <efxpt:gpio name="F_nBE_IN" gpio_def="GPIOB_TXP09" mode="input" bus_name="" is_lvds_gpio="true" io_standard="3.3 V LVTTL / LVCMOS">
            <efxpt:input_config name="F_nBE_IN" name_ddio_lo="" conn_type="normal" is_register="false" clock_name="" is_clock_inverted="false" pull_option="none" is_schmitt_trigger="false" ddio_type="none"/>
        </efxpt:gpio>
        <efxpt:gpio name="F_nIORQ" gpio_def="GPIOB_TXN11" mode="input" bus_name="" is_lvds_gpio="true" io_standard="3.3 V LVTTL / LVCMOS">
            <efxpt:input_config name="F_nIORQ" name_ddio_lo="" conn_type="normal" is_register="false" clock_name="" is_clock_inverted="false" pull_option="none" is_schmitt_trigger="false" ddio_type="none"/>
        </efxpt:gpio>
        <efxpt:gpio name="F_nM1" gpio_def="GPIOB_RXP02" mode="input" bus_name="" is_lvds_gpio="true" io_standard="3.3 V LVTTL / LVCMOS">
            <efxpt:input_config name="F_nM1" name_ddio_lo="" conn_type="normal" is_register="false" clock_name="" is_clock_inverted="false" pull_option="none" is_schmitt_trigger="false" ddio_type="none"/>
        </efxpt:gpio>
        <efxpt:gpio name="F_nMRQ" gpio_def="GPIOB_TXP11" mode="input" bus_name="" is_lvds_gpio="true" io_standard="3.3 V LVTTL / LVCMOS">
            <efxpt:input_config name="F_nMRQ" name_ddio_lo="" conn_type="normal" is_register="false" clock_name="" is_clock_inverted="false" pull_option="none" is_schmitt_trigger="false" ddio_type="none"/>
        </efxpt:gpio>
        <efxpt:gpio name="F_nRD" gpio_def="GPIOB_RXP00" mode="input" bus_name="" is_lvds_gpio="true" io_standard="3.3 V LVTTL / LVCMOS">
            <efxpt:input_config name="F_nRD" name_ddio_lo="" conn_type="normal" is_register="false" clock_name="" is_clock_inverted="false" pull_option="none" is_schmitt_trigger="false" ddio_type="none"/>
        </efxpt:gpio>
        <efxpt:gpio name="F_nRST" gpio_def="GPIOB_RXN02" mode="input" bus_name="" is_lvds_gpio="true" io_standard="3.3 V LVTTL / LVCMOS">
            <efxpt:input_config name="F_nRST" name_ddio_lo="" conn_type="normal" is_register="false" clock_name="" is_clock_inverted="false" pull_option="none" is_schmitt_trigger="false" ddio_type="none"/>
        </efxpt:gpio>
        <efxpt:gpio name="F_nWR" gpio_def="GPIOB_RXN00" mode="input" bus_name="" is_lvds_gpio="true" io_standard="3.3 V LVTTL / LVCMOS">
            <efxpt:input_config name="F_nWR" name_ddio_lo="" conn_type="normal" is_register="false" clock_name="" is_clock_inverted="false" pull_option="none" is_schmitt_trigger="false" ddio_type="none"/>
        </efxpt:gpio>
        <efxpt:gpio name="GRN[0]" gpio_def="GPIOR_125" mode="output" bus_name="GRN" is_lvds_gpio="false" io_standard="3.3 V LVTTL / LVCMOS">
            <efxpt:output_config name="GRN[0]" name_ddio_lo="" register_option="none" clock_name="" is_clock_inverted="false" is_slew_rate="false" tied_option="none" ddio_type="none" drive_strength="4"/>
        </efxpt:gpio>
        <efxpt:gpio name="GRN[1]" gpio_def="GPIOR_123" mode="output" bus_name="GRN" is_lvds_gpio="false" io_standard="3.3 V LVTTL / LVCMOS">
            <efxpt:output_config name="GRN[1]" name_ddio_lo="" register_option="none" clock_name="" is_clock_inverted="false" is_slew_rate="false" tied_option="none" ddio_type="none" drive_strength="4"/>
        </efxpt:gpio>
        <efxpt:gpio name="GRN[2]" gpio_def="GPIOR_122" mode="output" bus_name="GRN" is_lvds_gpio="false" io_standard="3.3 V LVTTL / LVCMOS">
            <efxpt:output_config name="GRN[2]" name_ddio_lo="" register_option="none" clock_name="" is_clock_inverted="false" is_slew_rate="false" tied_option="none" ddio_type="none" drive_strength="4"/>
        </efxpt:gpio>
        <efxpt:gpio name="HSYNC" gpio_def="GPIOR_135" mode="output" bus_name="" is_lvds_gpio="false" io_standard="3.3 V LVTTL / LVCMOS">
            <efxpt:output_config name="HSYNC" name_ddio_lo="" register_option="none" clock_name="" is_clock_inverted="false" is_slew_rate="false" tied_option="none" ddio_type="none" drive_strength="4"/>
        </efxpt:gpio>
        <efxpt:gpio name="RED[0]" gpio_def="GPIOR_117" mode="output" bus_name="RED" is_lvds_gpio="false" io_standard="3.3 V LVTTL / LVCMOS">
            <efxpt:output_config name="RED[0]" name_ddio_lo="" register_option="none" clock_name="" is_clock_inverted="false" is_slew_rate="false" tied_option="none" ddio_type="none" drive_strength="4"/>
        </efxpt:gpio>
        <efxpt:gpio name="RED[1]" gpio_def="GPIOR_116" mode="output" bus_name="RED" is_lvds_gpio="false" io_standard="3.3 V LVTTL / LVCMOS">
            <efxpt:output_config name="RED[1]" name_ddio_lo="" register_option="none" clock_name="" is_clock_inverted="false" is_slew_rate="false" tied_option="none" ddio_type="none" drive_strength="4"/>
        </efxpt:gpio>
        <efxpt:gpio name="RED[2]" gpio_def="GPIOR_113" mode="output" bus_name="RED" is_lvds_gpio="false" io_standard="3.3 V LVTTL / LVCMOS">
            <efxpt:output_config name="RED[2]" name_ddio_lo="" register_option="none" clock_name="" is_clock_inverted="false" is_slew_rate="false" tied_option="none" ddio_type="none" drive_strength="4"/>
        </efxpt:gpio>
        <efxpt:gpio name="R_A[0]" gpio_def="GPIOL_68" mode="output" bus_name="R_A" is_lvds_gpio="false" io_standard="3.3 V LVTTL / LVCMOS">
            <efxpt:output_config name="R_A[0]" name_ddio_lo="" register_option="none" clock_name="" is_clock_inverted="false" is_slew_rate="false" tied_option="none" ddio_type="none" drive_strength="1"/>
        </efxpt:gpio>
        <efxpt:gpio name="R_A[10]" gpio_def="GPIOR_105" mode="output" bus_name="R_A" is_lvds_gpio="false" io_standard="3.3 V LVTTL / LVCMOS">
            <efxpt:output_config name="R_A[10]" name_ddio_lo="" register_option="none" clock_name="" is_clock_inverted="false" is_slew_rate="false" tied_option="none" ddio_type="none" drive_strength="1"/>
        </efxpt:gpio>
        <efxpt:gpio name="R_A[11]" gpio_def="GPIOR_95" mode="output" bus_name="R_A" is_lvds_gpio="false" io_standard="3.3 V LVTTL / LVCMOS">
            <efxpt:output_config name="R_A[11]" name_ddio_lo="" register_option="none" clock_name="" is_clock_inverted="false" is_slew_rate="false" tied_option="none" ddio_type="none" drive_strength="1"/>
        </efxpt:gpio>
        <efxpt:gpio name="R_A[12]" gpio_def="GPIOR_80" mode="output" bus_name="R_A" is_lvds_gpio="false" io_standard="3.3 V LVTTL / LVCMOS">
            <efxpt:output_config name="R_A[12]" name_ddio_lo="" register_option="none" clock_name="" is_clock_inverted="false" is_slew_rate="false" tied_option="none" ddio_type="none" drive_strength="1"/>
        </efxpt:gpio>
        <efxpt:gpio name="R_A[13]" gpio_def="GPIOR_87" mode="output" bus_name="R_A" is_lvds_gpio="false" io_standard="3.3 V LVTTL / LVCMOS">
            <efxpt:output_config name="R_A[13]" name_ddio_lo="" register_option="none" clock_name="" is_clock_inverted="false" is_slew_rate="false" tied_option="none" ddio_type="none" drive_strength="1"/>
        </efxpt:gpio>
        <efxpt:gpio name="R_A[14]" gpio_def="GPIOR_81" mode="output" bus_name="R_A" is_lvds_gpio="false" io_standard="3.3 V LVTTL / LVCMOS">
            <efxpt:output_config name="R_A[14]" name_ddio_lo="" register_option="none" clock_name="" is_clock_inverted="false" is_slew_rate="false" tied_option="none" ddio_type="none" drive_strength="1"/>
        </efxpt:gpio>
        <efxpt:gpio name="R_A[15]" gpio_def="GPIOR_84" mode="output" bus_name="R_A" is_lvds_gpio="false" io_standard="3.3 V LVTTL / LVCMOS">
            <efxpt:output_config name="R_A[15]" name_ddio_lo="" register_option="none" clock_name="" is_clock_inverted="false" is_slew_rate="false" tied_option="none" ddio_type="none" drive_strength="1"/>
        </efxpt:gpio>
        <efxpt:gpio name="R_A[16]" gpio_def="GPIOR_82" mode="output" bus_name="R_A" is_lvds_gpio="false" io_standard="3.3 V LVTTL / LVCMOS">
            <efxpt:output_config name="R_A[16]" name_ddio_lo="" register_option="none" clock_name="" is_clock_inverted="false" is_slew_rate="false" tied_option="none" ddio_type="none" drive_strength="1"/>
        </efxpt:gpio>
        <efxpt:gpio name="R_A[17]" gpio_def="GPIOR_86" mode="output" bus_name="R_A" is_lvds_gpio="false" io_standard="3.3 V LVTTL / LVCMOS">
            <efxpt:output_config name="R_A[17]" name_ddio_lo="" register_option="none" clock_name="" is_clock_inverted="false" is_slew_rate="false" tied_option="none" ddio_type="none" drive_strength="1"/>
        </efxpt:gpio>
        <efxpt:gpio name="R_A[18]" gpio_def="GPIOR_83" mode="output" bus_name="R_A" is_lvds_gpio="false" io_standard="3.3 V LVTTL / LVCMOS">
            <efxpt:output_config name="R_A[18]" name_ddio_lo="" register_option="none" clock_name="" is_clock_inverted="false" is_slew_rate="false" tied_option="none" ddio_type="none" drive_strength="1"/>
        </efxpt:gpio>
        <efxpt:gpio name="R_A[1]" gpio_def="GPIOL_72" mode="output" bus_name="R_A" is_lvds_gpio="false" io_standard="3.3 V LVTTL / LVCMOS">
            <efxpt:output_config name="R_A[1]" name_ddio_lo="" register_option="none" clock_name="" is_clock_inverted="false" is_slew_rate="false" tied_option="none" ddio_type="none" drive_strength="1"/>
        </efxpt:gpio>
        <efxpt:gpio name="R_A[2]" gpio_def="GPIOL_73" mode="output" bus_name="R_A" is_lvds_gpio="false" io_standard="3.3 V LVTTL / LVCMOS">
            <efxpt:output_config name="R_A[2]" name_ddio_lo="" register_option="none" clock_name="" is_clock_inverted="false" is_slew_rate="false" tied_option="none" ddio_type="none" drive_strength="1"/>
        </efxpt:gpio>
        <efxpt:gpio name="R_A[3]" gpio_def="GPIOL_75" mode="output" bus_name="R_A" is_lvds_gpio="false" io_standard="3.3 V LVTTL / LVCMOS">
            <efxpt:output_config name="R_A[3]" name_ddio_lo="" register_option="none" clock_name="" is_clock_inverted="false" is_slew_rate="false" tied_option="none" ddio_type="none" drive_strength="1"/>
        </efxpt:gpio>
        <efxpt:gpio name="R_A[4]" gpio_def="GPIOR_76" mode="output" bus_name="R_A" is_lvds_gpio="false" io_standard="3.3 V LVTTL / LVCMOS">
            <efxpt:output_config name="R_A[4]" name_ddio_lo="" register_option="none" clock_name="" is_clock_inverted="false" is_slew_rate="false" tied_option="none" ddio_type="none" drive_strength="1"/>
        </efxpt:gpio>
        <efxpt:gpio name="R_A[5]" gpio_def="GPIOR_77" mode="output" bus_name="R_A" is_lvds_gpio="false" io_standard="3.3 V LVTTL / LVCMOS">
            <efxpt:output_config name="R_A[5]" name_ddio_lo="" register_option="none" clock_name="" is_clock_inverted="false" is_slew_rate="false" tied_option="none" ddio_type="none" drive_strength="1"/>
        </efxpt:gpio>
        <efxpt:gpio name="R_A[6]" gpio_def="GPIOR_78" mode="output" bus_name="R_A" is_lvds_gpio="false" io_standard="3.3 V LVTTL / LVCMOS">
            <efxpt:output_config name="R_A[6]" name_ddio_lo="" register_option="none" clock_name="" is_clock_inverted="false" is_slew_rate="false" tied_option="none" ddio_type="none" drive_strength="1"/>
        </efxpt:gpio>
        <efxpt:gpio name="R_A[7]" gpio_def="GPIOR_79" mode="output" bus_name="R_A" is_lvds_gpio="false" io_standard="3.3 V LVTTL / LVCMOS">
            <efxpt:output_config name="R_A[7]" name_ddio_lo="" register_option="none" clock_name="" is_clock_inverted="false" is_slew_rate="false" tied_option="none" ddio_type="none" drive_strength="1"/>
        </efxpt:gpio>
        <efxpt:gpio name="R_A[8]" gpio_def="GPIOR_88" mode="output" bus_name="R_A" is_lvds_gpio="false" io_standard="3.3 V LVTTL / LVCMOS">
            <efxpt:output_config name="R_A[8]" name_ddio_lo="" register_option="none" clock_name="" is_clock_inverted="false" is_slew_rate="false" tied_option="none" ddio_type="none" drive_strength="1"/>
        </efxpt:gpio>
        <efxpt:gpio name="R_A[9]" gpio_def="GPIOR_94" mode="output" bus_name="R_A" is_lvds_gpio="false" io_standard="3.3 V LVTTL / LVCMOS">
            <efxpt:output_config name="R_A[9]" name_ddio_lo="" register_option="none" clock_name="" is_clock_inverted="false" is_slew_rate="false" tied_option="none" ddio_type="none" drive_strength="1"/>
        </efxpt:gpio>
        <efxpt:gpio name="R_nOE" gpio_def="GPIOR_104" mode="output" bus_name="" is_lvds_gpio="false" io_standard="3.3 V LVTTL / LVCMOS">
            <efxpt:output_config name="R_nOE" name_ddio_lo="" register_option="none" clock_name="" is_clock_inverted="false" is_slew_rate="false" tied_option="none" ddio_type="none" drive_strength="1"/>
        </efxpt:gpio>
        <efxpt:gpio name="R_nWE" gpio_def="GPIOR_85" mode="output" bus_name="" is_lvds_gpio="false" io_standard="3.3 V LVTTL / LVCMOS">
            <efxpt:output_config name="R_nWE" name_ddio_lo="" register_option="none" clock_name="" is_clock_inverted="false" is_slew_rate="false" tied_option="none" ddio_type="none" drive_strength="1"/>
        </efxpt:gpio>
        <efxpt:gpio name="VSYNC" gpio_def="GPIOR_133" mode="output" bus_name="" is_lvds_gpio="false" io_standard="3.3 V LVTTL / LVCMOS">
            <efxpt:output_config name="VSYNC" name_ddio_lo="" register_option="none" clock_name="" is_clock_inverted="false" is_slew_rate="false" tied_option="none" ddio_type="none" drive_strength="4"/>
        </efxpt:gpio>
        <efxpt:gpio name="X[0]" gpio_def="GPIOL_12" mode="inout" bus_name="X" is_lvds_gpio="false" io_standard="3.3 V LVTTL / LVCMOS">
            <efxpt:input_config name="X_IN[0]" name_ddio_lo="" conn_type="normal" is_register="false" clock_name="" is_clock_inverted="false" pull_option="none" is_schmitt_trigger="false" ddio_type="none"/>
            <efxpt:output_config name="X_OUT[0]" name_ddio_lo="" register_option="none" clock_name="" is_clock_inverted="false" is_slew_rate="false" tied_option="none" ddio_type="none" drive_strength="1"/>
            <efxpt:output_enable_config name="X_OE[0]" is_register="false" clock_name="" is_clock_inverted="false"/>
        </efxpt:gpio>
        <efxpt:gpio name="X[10]" gpio_def="GPIOL_41" mode="inout" bus_name="X" is_lvds_gpio="false" io_standard="3.3 V LVTTL / LVCMOS">
            <efxpt:input_config name="X_IN[10]" name_ddio_lo="" conn_type="normal" is_register="false" clock_name="" is_clock_inverted="false" pull_option="none" is_schmitt_trigger="false" ddio_type="none"/>
            <efxpt:output_config name="X_OUT[10]" name_ddio_lo="" register_option="none" clock_name="" is_clock_inverted="false" is_slew_rate="false" tied_option="none" ddio_type="none" drive_strength="1"/>
            <efxpt:output_enable_config name="X_OE[10]" is_register="false" clock_name="" is_clock_inverted="false"/>
        </efxpt:gpio>
        <efxpt:gpio name="X[11]" gpio_def="GPIOL_46" mode="inout" bus_name="X" is_lvds_gpio="false" io_standard="3.3 V LVTTL / LVCMOS">
            <efxpt:input_config name="X_IN[11]" name_ddio_lo="" conn_type="normal" is_register="false" clock_name="" is_clock_inverted="false" pull_option="none" is_schmitt_trigger="false" ddio_type="none"/>
            <efxpt:output_config name="X_OUT[11]" name_ddio_lo="" register_option="none" clock_name="" is_clock_inverted="false" is_slew_rate="false" tied_option="none" ddio_type="none" drive_strength="1"/>
            <efxpt:output_enable_config name="X_OE[11]" is_register="false" clock_name="" is_clock_inverted="false"/>
        </efxpt:gpio>
        <efxpt:gpio name="X[12]" gpio_def="GPIOL_54" mode="inout" bus_name="X" is_lvds_gpio="false" io_standard="3.3 V LVTTL / LVCMOS">
            <efxpt:input_config name="X_IN[12]" name_ddio_lo="" conn_type="normal" is_register="false" clock_name="" is_clock_inverted="false" pull_option="none" is_schmitt_trigger="false" ddio_type="none"/>
            <efxpt:output_config name="X_OUT[12]" name_ddio_lo="" register_option="none" clock_name="" is_clock_inverted="false" is_slew_rate="false" tied_option="none" ddio_type="none" drive_strength="1"/>
            <efxpt:output_enable_config name="X_OE[12]" is_register="false" clock_name="" is_clock_inverted="false"/>
        </efxpt:gpio>
        <efxpt:gpio name="X[13]" gpio_def="GPIOL_53" mode="inout" bus_name="X" is_lvds_gpio="false" io_standard="3.3 V LVTTL / LVCMOS">
            <efxpt:input_config name="X_IN[13]" name_ddio_lo="" conn_type="normal" is_register="false" clock_name="" is_clock_inverted="false" pull_option="none" is_schmitt_trigger="false" ddio_type="none"/>
            <efxpt:output_config name="X_OUT[13]" name_ddio_lo="" register_option="none" clock_name="" is_clock_inverted="false" is_slew_rate="false" tied_option="none" ddio_type="none" drive_strength="1"/>
            <efxpt:output_enable_config name="X_OE[13]" is_register="false" clock_name="" is_clock_inverted="false"/>
        </efxpt:gpio>
        <efxpt:gpio name="X[1]" gpio_def="GPIOL_13" mode="inout" bus_name="X" is_lvds_gpio="false" io_standard="3.3 V LVTTL / LVCMOS">
            <efxpt:input_config name="X_IN[1]" name_ddio_lo="" conn_type="normal" is_register="false" clock_name="" is_clock_inverted="false" pull_option="none" is_schmitt_trigger="false" ddio_type="none"/>
            <efxpt:output_config name="X_OUT[1]" name_ddio_lo="" register_option="none" clock_name="" is_clock_inverted="false" is_slew_rate="false" tied_option="none" ddio_type="none" drive_strength="1"/>
            <efxpt:output_enable_config name="X_OE[1]" is_register="false" clock_name="" is_clock_inverted="false"/>
        </efxpt:gpio>
        <efxpt:gpio name="X[2]" gpio_def="GPIOL_20" mode="inout" bus_name="X" is_lvds_gpio="false" io_standard="3.3 V LVTTL / LVCMOS">
            <efxpt:input_config name="X_IN[2]" name_ddio_lo="" conn_type="normal" is_register="false" clock_name="" is_clock_inverted="false" pull_option="none" is_schmitt_trigger="false" ddio_type="none"/>
            <efxpt:output_config name="X_OUT[2]" name_ddio_lo="" register_option="none" clock_name="" is_clock_inverted="false" is_slew_rate="false" tied_option="none" ddio_type="none" drive_strength="1"/>
            <efxpt:output_enable_config name="X_OE[2]" is_register="false" clock_name="" is_clock_inverted="false"/>
        </efxpt:gpio>
        <efxpt:gpio name="X[3]" gpio_def="GPIOL_21" mode="inout" bus_name="X" is_lvds_gpio="false" io_standard="3.3 V LVTTL / LVCMOS">
            <efxpt:input_config name="X_IN[3]" name_ddio_lo="" conn_type="normal" is_register="false" clock_name="" is_clock_inverted="false" pull_option="none" is_schmitt_trigger="false" ddio_type="none"/>
            <efxpt:output_config name="X_OUT[3]" name_ddio_lo="" register_option="none" clock_name="" is_clock_inverted="false" is_slew_rate="false" tied_option="none" ddio_type="none" drive_strength="1"/>
            <efxpt:output_enable_config name="X_OE[3]" is_register="false" clock_name="" is_clock_inverted="false"/>
        </efxpt:gpio>
        <efxpt:gpio name="X[4]" gpio_def="GPIOL_22" mode="inout" bus_name="X" is_lvds_gpio="false" io_standard="3.3 V LVTTL / LVCMOS">
            <efxpt:input_config name="X_IN[4]" name_ddio_lo="" conn_type="normal" is_register="false" clock_name="" is_clock_inverted="false" pull_option="none" is_schmitt_trigger="false" ddio_type="none"/>
            <efxpt:output_config name="X_OUT[4]" name_ddio_lo="" register_option="none" clock_name="" is_clock_inverted="false" is_slew_rate="false" tied_option="none" ddio_type="none" drive_strength="1"/>
            <efxpt:output_enable_config name="X_OE[4]" is_register="false" clock_name="" is_clock_inverted="false"/>
        </efxpt:gpio>
        <efxpt:gpio name="X[5]" gpio_def="GPIOL_24" mode="inout" bus_name="X" is_lvds_gpio="false" io_standard="3.3 V LVTTL / LVCMOS">
            <efxpt:input_config name="X_IN[5]" name_ddio_lo="" conn_type="normal" is_register="false" clock_name="" is_clock_inverted="false" pull_option="none" is_schmitt_trigger="false" ddio_type="none"/>
            <efxpt:output_config name="X_OUT[5]" name_ddio_lo="" register_option="none" clock_name="" is_clock_inverted="false" is_slew_rate="false" tied_option="none" ddio_type="none" drive_strength="1"/>
            <efxpt:output_enable_config name="X_OE[5]" is_register="false" clock_name="" is_clock_inverted="false"/>
        </efxpt:gpio>
        <efxpt:gpio name="X[6]" gpio_def="GPIOL_25" mode="inout" bus_name="X" is_lvds_gpio="false" io_standard="3.3 V LVTTL / LVCMOS">
            <efxpt:input_config name="X_IN[6]" name_ddio_lo="" conn_type="normal" is_register="false" clock_name="" is_clock_inverted="false" pull_option="none" is_schmitt_trigger="false" ddio_type="none"/>
            <efxpt:output_config name="X_OUT[6]" name_ddio_lo="" register_option="none" clock_name="" is_clock_inverted="false" is_slew_rate="false" tied_option="none" ddio_type="none" drive_strength="1"/>
            <efxpt:output_enable_config name="X_OE[6]" is_register="false" clock_name="" is_clock_inverted="false"/>
        </efxpt:gpio>
        <efxpt:gpio name="X[7]" gpio_def="GPIOL_31" mode="inout" bus_name="X" is_lvds_gpio="false" io_standard="3.3 V LVTTL / LVCMOS">
            <efxpt:input_config name="X_IN[7]" name_ddio_lo="" conn_type="normal" is_register="false" clock_name="" is_clock_inverted="false" pull_option="none" is_schmitt_trigger="false" ddio_type="none"/>
            <efxpt:output_config name="X_OUT[7]" name_ddio_lo="" register_option="none" clock_name="" is_clock_inverted="false" is_slew_rate="false" tied_option="none" ddio_type="none" drive_strength="1"/>
            <efxpt:output_enable_config name="X_OE[7]" is_register="false" clock_name="" is_clock_inverted="false"/>
        </efxpt:gpio>
        <efxpt:gpio name="X[8]" gpio_def="GPIOL_32" mode="inout" bus_name="X" is_lvds_gpio="false" io_standard="3.3 V LVTTL / LVCMOS">
            <efxpt:input_config name="X_IN[8]" name_ddio_lo="" conn_type="normal" is_register="false" clock_name="" is_clock_inverted="false" pull_option="none" is_schmitt_trigger="false" ddio_type="none"/>
            <efxpt:output_config name="X_OUT[8]" name_ddio_lo="" register_option="none" clock_name="" is_clock_inverted="false" is_slew_rate="false" tied_option="none" ddio_type="none" drive_strength="1"/>
            <efxpt:output_enable_config name="X_OE[8]" is_register="false" clock_name="" is_clock_inverted="false"/>
        </efxpt:gpio>
        <efxpt:gpio name="X[9]" gpio_def="GPIOL_40" mode="inout" bus_name="X" is_lvds_gpio="false" io_standard="3.3 V LVTTL / LVCMOS">
            <efxpt:input_config name="X_IN[9]" name_ddio_lo="" conn_type="normal" is_register="false" clock_name="" is_clock_inverted="false" pull_option="none" is_schmitt_trigger="false" ddio_type="none"/>
            <efxpt:output_config name="X_OUT[9]" name_ddio_lo="" register_option="none" clock_name="" is_clock_inverted="false" is_slew_rate="false" tied_option="none" ddio_type="none" drive_strength="1"/>
            <efxpt:output_enable_config name="X_OE[9]" is_register="false" clock_name="" is_clock_inverted="false"/>
        </efxpt:gpio>
        <efxpt:gpio name="clk50" gpio_def="GPIOL_74" mode="input" bus_name="" is_lvds_gpio="false" io_standard="3.3 V LVTTL / LVCMOS">
            <efxpt:input_config name="clk50" name_ddio_lo="" conn_type="pll_clkin" is_register="false" clock_name="" is_clock_inverted="false" pull_option="none" is_schmitt_trigger="false" ddio_type="none"/>
        </efxpt:gpio>
        <efxpt:global_unused_config state="input with weak pullup"/>
        <efxpt:bus name="BLU" mode="output" msb="2" lsb="0"/>
        <efxpt:bus name="GRN" mode="output" msb="2" lsb="0"/>
        <efxpt:bus name="RED" mode="output" msb="2" lsb="0"/>
        <efxpt:bus name="F_A" mode="input" msb="15" lsb="0"/>
        <efxpt:bus name="F_D" mode="inout" msb="7" lsb="0"/>
        <efxpt:bus name="R_A" mode="output" msb="18" lsb="0"/>
        <efxpt:bus name="X" mode="inout" msb="13" lsb="0"/>
    </efxpt:gpio_info>
    <efxpt:pll_info>
        <efxpt:pll name="pll_inst1" pll_def="PLL_TL0" ref_clock_name="" ref_clock_freq="50.0000" multiplier="28" pre_divider="1" post_divider="2" reset_name="" locked_name="pll1Locked" is_ipfrz="false" is_bypass_lock="true">
            <efxpt:output_clock name="clk21pll1" number="0" out_divider="33" adv_out_phase_shift="0"/>
            <efxpt:output_clock name="clk50pll1" number="1" out_divider="14" adv_out_phase_shift="0"/>
            <efxpt:output_clock name="clk100pll1" number="2" out_divider="7" adv_out_phase_shift="0"/>
            <efxpt:adv_prop ref_clock_mode="external" ref_clock1_name="" ext_ref_clock_id="2" clksel_name="" feedback_clock_name="" feedback_mode="internal"/>
        </efxpt:pll>
    </efxpt:pll_info>
    <efxpt:lvds_info/>
    <efxpt:jtag_info/>
</efxpt:design_db>
